trial,miss_distance_m,final_altitude_m,flight_time_s,terrain_override_fired,control_saturated,rms_q_error,rms_theta_error,LAT_INIT,LON_INIT,LAT_TARGET,LON_TARGET,target_downrange_m
1,509.29965604149,769.631631859186,75.8,1,0,0.00474227225283009,0.0189893207337507,34.2540303096185,-119.460401214638,34.6553284695476,-118.782953007254,76480.5140103748
2,698.295991935854,773.883381898406,78.5,1,0,0.00457495435762556,0.00630340415991241,34.2350629663693,-119.451840310573,34.672500238495,-118.761678337523,79814.1228323944
3,661.390447140165,774.263451199831,78.1,1,0,0.00440408000710606,0.0144757565487175,34.2394742763205,-119.454532746954,34.6710675800965,-118.765467447117,79338.7928168941
4,552.918095473659,788.493698437058,79.3,1,0,0.00476286165282893,0.0263997916591671,34.2213374145892,-119.468064915791,34.650032654914,-118.764211383828,80242.9772530385
5,772.488863158747,790.074619231722,77.1,1,0,0.00478550913461021,0.0392472304123695,34.2486956165957,-119.445103004756,34.6800325440402,-118.767129595901,78508.592344567
6,518.465052423903,763.823885305536,76.2,1,0,0.00414822669190434,0.0150848895860599,34.2391054315364,-119.445642248046,34.6579529543997,-118.776353800645,77041.5442027328
7,667.997257745326,778.446725409101,78.2,1,0,0.00479626508525691,0.0235481813681175,34.2318806638572,-119.446919720747,34.6709039966036,-118.762676657955,79494.1376065307
8,527.294063988703,785.970010955008,77.7,0,0,0.00501837973026533,0.0208756557850938,34.2428454882034,-119.465903150238,34.638501042288,-118.758263860746,78400.4038340609
9,561.346464608326,782.481656379951,78.5,1,0,0.0044535463785771,0.0132551998255017,34.2508530837863,-119.481175936652,34.6584290626439,-118.768406395202,79528.9808253659
10,788.849858741471,790.443232776121,79.6,1,0,0.00474556499668824,0.0175304429446687,34.2388429421903,-119.473630919383,34.6760962511475,-118.766222147787,81059.0344573969
11,574.616855441297,794.635879186493,77.2,1,0,0.0042069036734488,0.0175449364574145,34.2397353190957,-119.457294056537,34.6707085270514,-118.781987540202,78295.7716222423
12,552.799865162385,763.942439457063,78.9,1,0,0.00486199645207264,0.0227980757381612,34.2250620218462,-119.465945776374,34.657489715474,-118.771076426348,79827.5806802054
13,532.566561327005,774.844377781229,77.7,1,0,0.00459440928190826,0.0174870506862046,34.240873239209,-119.473841864822,34.6590916249809,-118.784843517379,78446.4269895782
14,516.305219302002,763.108780076136,76.2,1,0,0.00543206600448936,0.0162229682309021,34.2401086234572,-119.447108466122,34.6594266860639,-118.779781328354,76929.3404942362
15,690.117556909143,762.733395349249,78.8,1,0,0.00415163045538705,0.0400804982673464,34.2324854555189,-119.460556169099,34.6694572174497,-118.766660773158,80056.0681146905
16,533.815423065742,771.473280697295,77.6,1,0,0.00464950365783302,0.038537995863117,34.2303537162627,-119.461998157613,34.6617342235377,-118.786806901754,78320.5235688323
17,774.655580705201,782.76309742556,78.7,1,0,0.00476845287105494,0.0122106779604545,34.2272092488952,-119.449803174808,34.6772769027746,-118.766909411986,80156.9533979468
18,610.59909828219,788.392232190292,76.1,1,0,0.00472658699936109,0.00796381775899548,34.2596174042497,-119.450178272656,34.6695284815396,-118.769860503766,77249.5119587589
19,530.141753849168,755.701443009785,77.1,1,0,0.00505129225966942,0.0202982728246771,34.2267464475137,-119.451932842765,34.6588560459046,-118.78352646722,77881.5013509314
20,723.697704650064,793.837524312559,78.6,1,0,0.00502337305735611,0.0159208287544277,34.2220663951736,-119.445858697048,34.658660849648,-118.752849987409,79972.4046033031
21,562.130461170479,763.564642643516,76.9,1,0,0.0043041494051812,0.048457692245283,34.2492031915467,-119.456435720567,34.6522293290118,-118.761729018587,77884.0058124574
22,530.543308701483,789.659679133533,77.4,1,0,0.00458523793166803,0.0354469052394365,34.2312644674483,-119.457318939697,34.6547675987386,-118.776122864947,78227.932842155
23,675.479231323541,775.854380252551,78.8,1,0,0.00468332595931302,0.016997739952588,34.234851104115,-119.461230637802,34.6635934614693,-118.759158181077,80106.3755830691
24,535.35234629542,793.181460013648,76.5,1,0,0.00515339275738773,0.0120912020559232,34.2387821044084,-119.447303651805,34.6475339900536,-118.763227864229,77465.2534675911
25,636.807691475062,779.756190737366,77.9,1,0,0.00483703875187012,0.0356107196351442,34.2289059124273,-119.448944671397,34.6751548334292,-118.776700056922,79129.7256875437
26,556.09034492602,784.633224891767,78.9,1,0,0.00483093193193802,0.0154300303807204,34.2165914805831,-119.462391837477,34.6623927283772,-118.779180477328,79891.9632578898
27,612.10060924435,789.806375617358,79.2,1,0,0.00489138222708226,0.0201755788588395,34.2177321378315,-119.456837461103,34.6615008112475,-118.764934119007,80379.5643623961
28,577.205897267983,791.073485063791,77.8,1,0,0.0050316936235257,0.042858123865243,34.2365716268062,-119.455688862361,34.6683935689493,-118.772874808604,78900.2718218868
29,537.719014494082,793.82926880413,78.4,0,0,0.00438328924533484,0.0143840381518578,34.2459580384377,-119.459223732432,34.6446583989762,-118.744087447164,79156.4918886331
30,606.677719328685,782.752936699914,77.7,1,0,0.00459360862718452,0.0277644986543908,34.2367762230688,-119.456654815181,34.6639830951351,-118.770509420288,78833.8459173807
31,514.462170631597,759.371633619135,76.2,1,0,0.00495519052337278,0.0237872972604595,34.2512887022824,-119.456423136837,34.647384385848,-118.767889408002,76979.1266551431
32,516.265891829981,789.051823760487,76.1,1,0,0.00484236036441067,0.0256125991710421,34.235594108737,-119.444454693352,34.6553065926707,-118.777664908262,76919.2706649436
33,529.943178940979,767.196298827522,77.2,1,0,0.00444697783622328,0.0288533693467516,34.222211846835,-119.457798689992,34.6573813971303,-118.793906299798,77769.1165756758
34,570.44687893326,768.835180488335,77,1,0,0.00507355512263821,0.0209773203881766,34.2391047316996,-119.450490506747,34.6623467000549,-118.771157372558,78069.4932114526
35,554.437910645216,777.054625954358,78,1,0,0.00454136611829208,0.0125184582812132,34.2154504673142,-119.44545698218,34.6627805079063,-118.775777945059,79029.6138309754
36,523.766583932639,782.470053795422,76.5,1,0,0.00498876455541303,0.0274543923063163,34.2302765253406,-119.451915445035,34.6563096074357,-118.787858808828,77150.9843005966
37,546.850773140389,789.661245661871,77.7,1,0,0.00454167295007983,0.0106463668657565,34.2278742042312,-119.45544541574,34.6568921394722,-118.773169993258,78677.6552401869
38,501.092579556532,757.517204352969,75,1,0,0.00458097348314886,0.0107521169619521,34.2515934166928,-119.447398525549,34.6541621109086,-118.781950210164,75674.2232981234
39,957.663064982803,781.82326434106,79.7,1,0,0.00439286547680747,0.0122214349956882,34.2273081990323,-119.448500002911,34.6749952877985,-118.746193597051,81393.4367400111
40,535.751327157191,766.277016991953,77.6,1,0,0.00480415493130034,0.026518980095836,34.2160810195006,-119.45510493621,34.6583932129286,-118.791360282795,78256.6636038258
41,701.054809021587,777.533652702159,79.2,1,0,0.00477174835880436,0.0171527875747355,34.2276087928834,-119.460733119321,34.6636586942016,-118.759344454583,80544.7261585231
42,626.281288849297,780.334971364119,76.6,1,0,0.00441072488177034,0.0270079798340761,34.2422597092986,-119.447740820458,34.6548136615551,-118.763071502186,77754.7299713707
43,706.439695459487,791.904450542066,79.3,1,0,0.00464263141670712,0.0133940106360982,34.2491263439049,-119.470032997383,34.6822398072413,-118.764064322649,80672.6914863114
44,671.661074722646,769.039229728863,78.3,1,0,0.00435212497221703,0.00904157529411939,34.2466895720749,-119.460758214524,34.6720755559117,-118.762917809468,79566.1908683012
45,617.861110996142,763.921826602437,78.7,1,0,0.00462503947729142,0.0283523489592368,34.2542116037562,-119.477008658451,34.6529640676268,-118.752806279918,79844.3094295826
46,545.509039080568,771.074958880231,78.6,1,0,0.00455301250032916,0.00777001907695682,34.2225902176465,-119.468626786038,34.6651353495786,-118.788786912525,79422.3435207255
47,554.150630032517,792.396220041452,77.6,1,0,0.00428101270899971,0.0387472984723821,34.2359302697284,-119.457888081212,34.6485840513964,-118.761528681495,78633.1282067771
48,562.257464634157,794.039394236125,78.6,1,0,0.00421366893388056,0.0117805837186766,34.24813711706,-119.481474649979,34.6423729049332,-118.75606049898,79664.7986186652
49,540.32672256339,768.924520992881,78.1,1,0,0.00500918322407031,0.0107057471514862,34.2256760256025,-119.458661192872,34.6572279153425,-118.774428515437,78991.8592580797
50,519.172845550239,765.814882601203,76.3,1,0,0.00456556939952968,0.0130397047363916,34.2349967731869,-119.442489092455,34.6534077166707,-118.771510536012,77138.3026349102
51,548.812844932256,769.403512718507,77.6,1,0,0.00471010742329485,0.0358013676529362,34.2384517823646,-119.459864879137,34.654779672037,-118.767794284599,78551.4661911293
52,591.445445887057,792.449896649144,77.8,1,0,0.00443816948771076,0.0100232014047815,34.231435862664,-119.452671498013,34.6560636285438,-118.763076496428,78918.6060735748
53,566.295032467334,780.388523523635,77.8,1,0,0.00466674602785292,0.0193083061415063,34.2313907685879,-119.454852183315,34.6609304833027,-118.770567093688,78857.1513651733
54,539.340787639846,792.057579550485,78,1,0,0.00422247192360282,0.0230641427948611,34.2393561000222,-119.46292520019,34.6656992406864,-118.774628613445,78932.334363544
55,541.33708946721,786.089296924363,78.2,1,0,0.00470378933492728,0.00963912242671426,34.2231537856046,-119.464767432224,34.6534155906688,-118.777727632848,79111.5561550476
56,555.614934949888,778.37353295818,78.1,1,0,0.00427234381438596,0.0270164135893743,34.235116521448,-119.464186521028,34.654445112639,-118.767657048492,79079.5553085779
57,545.855308118755,771.299239140287,77.6,1,0,0.00495825384109336,0.057738862655657,34.2307636084407,-119.452464261164,34.6617930814143,-118.774404872474,78504.6178647233
58,531.725835311777,778.225929844273,77.2,1,0,0.00468505840771887,0.0320049032906457,34.2242081226493,-119.465610463455,34.644145982706,-118.787514517392,77767.6826217582
59,573.841795980263,778.730770808526,79.9,1,0,0.00496023182413381,0.0461435128164046,34.2170358120933,-119.473920419067,34.6488134641834,-118.76372176397,80916.4410311281
60,542.162210512158,767.31555211964,76.2,1,0,0.00448989831708446,0.0128633187752843,34.2438478260589,-119.445239147148,34.6626257724771,-118.773984639966,77177.791791728
61,656.621909162863,784.911092805565,79.7,1,0,0.00474792868032772,0.00989608298354256,34.2300020333067,-119.467006380689,34.6753733564729,-118.768400888612,80966.5445482156
62,558.655995879218,768.263696477767,77.6,1,0,0.00437474707909503,0.0128210128255714,34.2391632763005,-119.463749823653,34.6670382080834,-118.781050416196,78625.2159548202
63,575.362879502667,792.559194337259,76.4,1,0,0.00443758341713524,0.0113175967980814,34.2404045246431,-119.441686817363,34.6674287729614,-118.773835741931,77487.2364220352
64,551.74038480766,757.612719348046,78.9,1,0,0.00469233909364738,0.0250004624479788,34.2137456686505,-119.457399472434,34.6559688475236,-118.771989130847,79807.1916630265
65,669.453885243178,783.677990617287,78.7,1,0,0.00482032891496388,0.0436296526840584,34.2267246877122,-119.4547811569,34.6672896344044,-118.766265638965,79911.2694293932
66,637.30922677278,780.495495797877,78.1,1,0,0.00440211841139999,0.010035319102068,34.229786107043,-119.452340101348,34.6585384858873,-118.760937271535,79326.0360557732
67,609.274426634429,778.472131886763,80.2,1,0,0.00463789633796151,0.0249156567614596,34.2259034289472,-119.459844379427,34.6708981789417,-118.755236025987,81379.8439618411
68,583.367410034654,781.127120794207,80,1,0,0.00519498411158347,0.0164726592319218,34.2196459222658,-119.473921667617,34.6651038581359,-118.774086024258,81067.9634903581
69,713.22535553256,785.126838282151,78.8,1,0,0.00454245477046848,0.022307793705208,34.231675695955,-119.449176649621,34.671461090732,-118.756433647003,80162.2253655652
70,625.085957988565,780.461098919766,78.4,1,0,0.00444550883488908,0.0103505396965725,34.2223775741954,-119.450951109097,34.6652971153805,-118.769108902596,79592.3170776067
71,508.507873956305,784.79107251673,75.5,1,0,0.00451063542224815,0.0276618543359317,34.2409775202646,-119.44135606106,34.6470200449518,-118.772135105543,76186.9423457075
72,528.063863130047,768.394774521824,77.1,1,0,0.00438003550164592,0.0100525243948821,34.2314727272364,-119.452306399392,34.654089241437,-118.774207592214,77941.986935419
73,527.594360670717,755.598683737759,77.1,1,0,0.00454261191077821,0.0499827533502635,34.2321466956219,-119.456440699384,34.6445576826136,-118.770060064243,77878.3222907584
74,542.249261073129,777.548437503711,78.3,1,0,0.00437353785209707,0.010759819258285,34.2294609347773,-119.464544848128,34.6614121166753,-118.7779835878,79186.1174189947
75,569.78160474327,788.546125816116,78.2,1,0,0.00470689721449186,0.0110134004051297,34.2382654501114,-119.464457409077,34.6709669784656,-118.777247470018,79278.5162938418
76,507.283409351166,774.730448995217,75.4,1,0,0.00433520143370167,0.0209118928207585,34.2509184471874,-119.446416778386,34.6507339259634,-118.77235573686,76134.4323060606
77,509.061011944981,782.464143796958,75.5,1,0,0.00457596250836311,0.00811903799294368,34.2397729732976,-119.438659670286,34.6519678889027,-118.773821666448,76271.6119958854
78,514.911806831756,781.437490069135,74.8,1,0,0.00509080171168245,0.0157295745097931,34.2301495486807,-119.437311722178,34.6427843806622,-118.786856294579,75256.7728276673
79,579.402223038465,794.248568866825,78.9,1,0,0.0042719530435216,0.0231602231563391,34.2352021756803,-119.474749810171,34.6537011738802,-118.765553602087,79967.111570869
80,538.177230028055,774.655986331353,77.9,1,0,0.00450376839888009,0.00715265847588127,34.2263051183235,-119.45135529633,34.6529030208808,-118.766011159969,78740.8818450807
81,568.915401083682,780.7309463231,78.9,1,0,0.00457896556812204,0.0224571502666007,34.2321594479504,-119.467375858989,34.6539407822308,-118.761163239522,79959.1829660879
82,530.279168295493,771.39028080139,77.3,1,0,0.00497612001824972,0.046981229406735,34.2232832762626,-119.450793608104,34.6516169808657,-118.777239164594,77999.6181161963
83,515.552698548004,787.858661336504,76.2,1,0,0.00500958731832186,0.0151463715813456,34.2458334155655,-119.457019372757,34.6535213182726,-118.779157960347,76930.8273755172
84,523.146505905965,769.963454049904,76.9,1,0,0.00455461089686552,0.0139806668133649,34.2393693074493,-119.461475472017,34.6521870342366,-118.778905043225,77618.4300556221
85,532.14395592715,791.790685227765,77.8,1,0,0.00461093252672034,0.0567170377794039,34.2264574049596,-119.47285628284,34.6333061379761,-118.773010941342,78527.0521342709
86,555.096853555354,784.536537431107,79.4,1,0,0.00449144388689676,0.0207813346520127,34.2175723308719,-119.456565799883,34.647011972611,-118.752497580434,80310.1128661577
87,558.237438519052,785.582754809702,77.8,1,0,0.00433901748079394,0.0140535450832541,34.2238830123508,-119.45061932149,34.659591741205,-118.772831795243,78806.3481779648
88,549.240245096564,770.239814307979,78.9,1,0,0.00479320636991541,0.0182949115003111,34.234474982613,-119.475780419716,34.6671354717582,-118.781457557104,79797.3910194766
89,537.144489341896,775.333918545535,78.1,1,0,0.00438258151904218,0.00800156892990098,34.233985688655,-119.470768993944,34.6417937103679,-118.765847257344,78964.193213614
90,594.154615688369,790.373914012918,78.1,1,0,0.00475112552098698,0.0103976806444048,34.2367123203893,-119.456486672712,34.6733712172149,-118.773338100633,79251.4539793118
91,542.825330773828,786.309178983704,78.2,1,0,0.00431505418165174,0.0457450558508484,34.2275079284189,-119.455673048261,34.6718612494061,-118.782106447663,79093.6907463077
92,692.145817410534,769.629760184491,80,1,0,0.00481833168899269,0.0272517712486557,34.2243851366221,-119.463589139804,34.6651913856154,-118.756017147699,81316.4116799708
93,529.004631984268,790.026126980842,77.2,1,0,0.00433164381649047,0.0264455293767844,34.2285351075338,-119.455595604798,34.6535854165613,-118.779752064395,77941.9161795547
94,551.112734548048,789.197776093154,79.2,0,0,0.00472430680780837,0.0284012400614439,34.2367745253174,-119.442010379293,34.6948106141555,-118.774465552903,79618.6499946045
95,555.280435929531,779.309313494635,76.3,1,0,0.00462102120630234,0.0324681178786541,34.2423866340786,-119.445256395647,34.65387953969,-118.765283866591,77337.8008660476
96,570.504806913576,768.713897553791,78.3,1,0,0.00476422568998851,0.0195014651128015,34.226028777737,-119.453824580815,34.6608863616657,-118.768118709927,79321.5430821612
97,604.391521114898,778.786935981714,77.8,1,0,0.00443973667263689,0.0156863037291727,34.2425906144032,-119.460351921079,34.6584019918844,-118.762509282468,78943.6156387293
98,576.211881891472,778.040472883479,78.7,1,0,0.00447511327252944,0.0281387322577105,34.2360708622768,-119.473406221105,34.6516596192799,-118.764647222168,79746.9302375579
99,526.519000661186,784.869039530621,77.4,1,0,0.00447745058463623,0.0364160940706911,34.250873907201,-119.477009269573,34.6482909570974,-118.773733055494,78174.4254610261
100,570.87949405912,774.2453304091,78.6,1,0,0.00479861169848361,0.0209456269053867,34.2205149133012,-119.456643314485,34.6597158791367,-118.77082042566,79627.3307919759
101,545.289301343786,786.93095483164,78.7,1,0,0.0045087081888075,0.0201998428101379,34.2218955487025,-119.462313530101,34.6457082750795,-118.762784664377,79602.8434304901
102,628.341947550228,787.646515304522,75.8,1,0,0.00459105939254439,0.0324949858262576,34.2506979409867,-119.437171518242,34.665016567059,-118.765192454919,76930.1004818995
103,563.288195578649,785.819211249217,77.7,1,0,0.00469744184124439,0.0463233567688583,34.2296847932445,-119.452111304385,34.6620470047424,-118.772475366272,78709.8352638145
104,743.144731796501,774.649298980818,78.9,1,0,0.00457776075190766,0.0192172454982256,34.242945010626,-119.45597766858,34.6684836694388,-118.748458288613,80293.7872817073
105,532.166500197526,787.751437724797,77.3,1,0,0.00436847866072896,0.0186462343544213,34.2167308676273,-119.445098127746,34.6453977632319,-118.769930812893,78143.147170706
106,661.665281375111,773.419453212111,79.8,1,0,0.00454308782649763,0.0493347319404278,34.2179813085881,-119.45894422828,34.6649802773685,-118.761568496491,80995.0891117229
107,532.077079262237,790.198859512258,77.1,1,0,0.00493087198921724,0.0128508312767677,34.2346794795653,-119.449656048465,34.671677054721,-118.783562089115,78045.9903360761
108,528.290019139562,790.585962360039,77.4,0,0,0.00459970586343914,0.0178891049279433,34.2193102169792,-119.460957526038,34.6277141304783,-118.766687068397,78213.9149983306
109,682.909609326891,783.568722657518,79.1,1,0,0.0046006804659337,0.00766845577354211,34.23825438974,-119.465768100521,34.6650781777109,-118.758195233647,80384.5765074223
110,533.931003310794,789.592907549722,77.3,1,0,0.0046373956025417,0.016060533622139,34.221698269327,-119.454418974737,34.6511592823642,-118.782296886906,77972.9378069799
111,534.213691833934,790.346539075386,76.9,1,0,0.00418722411309915,0.007133747199564,34.243975865985,-119.459495276774,34.6567785943249,-118.773987818309,77831.9869013904
112,524.075212405657,760.418480078088,76.5,1,0,0.00452180382432028,0.015957406871986,34.2321447562805,-119.437889005895,34.6583701915718,-118.771010609622,77367.3427757624
113,514.534642358178,787.855882068218,76.3,0,0,0.00515660519207323,0.0257440702541647,34.2349801711292,-119.450985905887,34.6336810999923,-118.765569846254,76920.6870274949
114,573.109586813286,792.52913735005,79,1,0,0.00487071866012927,0.0135516607017302,34.2349681684121,-119.475108907934,34.661157009417,-118.77164272779,80041.3976714036
115,504.289674252558,765.585210776784,75,1,0,0.00476091014806339,0.0153185487183845,34.226178252315,-119.427393016463,34.6455003581321,-118.778445374258,75603.8714792254
116,564.791363793919,784.736019645418,77.5,1,0,0.00420771917261214,0.0276271029188075,34.2330160819339,-119.451639120015,34.6733136907291,-118.781372806476,78573.8385969293
117,564.304975549948,789.470856473905,77.8,1,0,0.00486196865742173,0.0212679121960308,34.230468351571,-119.452895729667,34.6713394198017,-118.77914148304,78865.1563625611
118,574.734379525233,778.343774581121,78,1,0,0.00439462655944596,0.0143077193805466,34.2333154997389,-119.457287604643,34.6666173092154,-118.773540582563,79069.8280232646
119,568.832567606005,769.416509456758,78.6,1,0,0.0047048175071093,0.0272022273196981,34.235805018859,-119.46609590995,34.6655369059878,-118.771363919132,79631.5757953293
120,606.111410993263,766.60759464669,78,1,0,0.00428834840212569,0.00759609388173754,34.2496569242776,-119.464814100577,34.6634826019951,-118.762532015182,79141.5286908799
121,605.395082898481,787.198537954432,77.2,1,0,0.00482664754626107,0.0084804413618778,34.2326761144646,-119.444056351145,34.6614151106284,-118.766106815653,78340.9419793981
122,621.609644683202,779.078096553799,77.1,1,0,0.00453470406845893,0.0191768346353554,34.2394557472154,-119.443007137685,34.6649869601486,-118.763003346048,78271.2919619205
123,544.868756144833,769.441388743596,78.5,1,0,0.00494817249141301,0.0325093110252794,34.2143860934889,-119.454099745775,34.6507630543827,-118.769587634006,79344.4764988136
124,532.907364236274,761.270680351713,77.7,1,0,0.00460888397879022,0.00702377253109891,34.2340406577722,-119.467524507598,34.6523628371896,-118.779437937048,78390.0841474802
125,526.357889475287,753.602217162259,77.1,1,0,0.00414791136592986,0.0276056541952068,34.2306225534854,-119.453291647491,34.6538596326204,-118.777380136044,77824.0879759472
126,612.081748509631,791.028302828208,80.3,1,0,0.00425217130884023,0.0196180178265943,34.2208178024046,-119.464498605097,34.6525057370832,-118.746331813778,81497.5673892267
127,572.217990671295,766.061737158001,76.8,1,0,0.00404533490045172,0.0184614571219311,34.2310519939136,-119.436134581164,34.6611662438476,-118.76634760696,77842.7490898382
128,563.313336654548,780.822404512134,78.1,1,0,0.00430276654878316,0.0274520264752746,34.2387812896251,-119.461279648915,34.6561011690939,-118.761970679668,79152.7535105747
129,510.581480425891,776.881258561144,75.7,1,0,0.00472266709390442,0.0213643910722726,34.2472284134979,-119.446551637773,34.6542730409466,-118.773754434426,76513.1757802056
130,632.167983308354,794.949074970376,77.4,1,0,0.00464172836423754,0.0132629066356839,34.2325887569693,-119.440528025409,34.6612200381618,-118.758873536145,78603.6174542738
131,609.810910606424,760.175218913809,79.6,1,0,0.00500265414632207,0.0479315373063426,34.2199983856732,-119.456259819152,34.6604255954648,-118.756627627692,80713.885610443
132,517.314631792982,781.579011695694,76.3,1,0,0.0048818537843002,0.0209162098661333,34.2292079356432,-119.446866857084,34.645701183883,-118.775560557449,77037.8677058505
133,516.017544009004,780.871540701587,76,1,0,0.00460720395561961,0.0438580489675444,34.2398783857125,-119.446716047503,34.6612021473923,-118.783930925479,76734.0095448476
134,632.553313271065,784.658986638369,80.1,1,0,0.00441568727501522,0.0229110684119145,34.2092099409631,-119.464093268078,34.6556871333407,-118.76159795786,81336.3676883287
135,527.147457670355,763.505309086817,77,1,0,0.00475752144672569,0.0126022894297939,34.2409353195611,-119.455529689742,34.6568653933369,-118.77254815764,77852.0333250368
136,762.157240715593,788.802160604101,80.8,1,0,0.00481263055724018,0.0449717659750488,34.2229075073595,-119.470296874759,34.6707095654999,-118.756314240231,82253.5176709108
137,532.849338460651,754.147408240202,76.4,1,0,0.00477790491748934,0.0204942529634094,34.2276165325539,-119.453258964032,34.6552316931055,-118.794930436087,76846.8613708163
138,526.892038842202,785.884679854979,77.1,1,0,0.00446033056376979,0.0145799458932539,34.2386256413524,-119.463009334336,34.6555760183665,-118.78081436036,77862.6121835291
139,537.094159803334,784.978050912001,77.7,0,0,0.00510492880937207,0.0238753935100239,34.2348005774799,-119.463130550905,34.6714489185344,-118.789616241168,78555.565631028
140,583.279730184765,775.261749613624,77.8,1,0,0.00512171461452516,0.033494440383796,34.2400117500045,-119.455032519544,34.6532620798332,-118.755840322521,78880.120184389
141,525.195139293678,763.725538566519,76.6,1,0,0.00503146268020571,0.0437468516701571,34.2239981237297,-119.44384346985,34.6664868553659,-118.791269901872,77470.5237968639
142,526.460934620617,790.25142174528,76.9,1,0,0.0048075954856509,0.0104268901090312,34.2367169449254,-119.45249135881,34.6487602803172,-118.766852185036,77796.6251526429
143,559.28892203925,784.264532216468,78.3,1,0,0.00542476924319035,0.0104215784538626,34.2193258276819,-119.458510632043,34.6493241429863,-118.768486261663,79314.4346621099
144,699.549988510014,784.434229115239,79.1,1,0,0.00435454726516005,0.0119681731623125,34.2288709540538,-119.456349103067,34.6667430539117,-118.758201567764,80428.7737246756
145,578.893551186839,760.837292903791,78.8,1,0,0.00478315771441282,0.0117888362623466,34.2283497719688,-119.464769337226,34.6592666568486,-118.768119972103,79855.4781709976
146,702.251622758784,771.543189412705,80.1,1,0,0.00464626262189196,0.0107193772907542,34.2219486834901,-119.464407067793,34.6617720443572,-118.75429509623,81438.5203763328
147,544.944852908653,780.766423403933,77.4,1,0,0.0045341331318559,0.0359076161651848,34.2231460446229,-119.443833763178,34.6511193491555,-118.765197660591,78345.0249501572
148,757.177473340314,790.692045720094,79.6,1,0,0.0043699297018637,0.0200902190544891,34.2237789778084,-119.457633458668,34.6656677144934,-118.754745525762,81047.0624614849
149,649.627897505577,768.115883402561,79.6,1,0,0.00438802226196785,0.00519384665463788,34.214939126757,-119.456489200451,34.6670207184006,-118.766103050049,80840.4829424037
150,530.321738948203,771.280950065357,77.6,1,0,0.00443647551374427,0.0103976515725118,34.2369353158061,-119.463803783722,34.6460487046973,-118.76817566463,78349.9312489854
151,598.629544017503,785.346021457551,79.5,1,0,0.00467577526563435,0.014743750067446,34.2285888342277,-119.470514921636,34.6624531243552,-118.766124248775,80619.1129840358
152,524.381545949759,774.299392922185,76.5,1,0,0.00470616426136542,0.00808763500270551,34.2246251116292,-119.438501096343,34.6505349799019,-118.77115476436,77384.2293922437
153,595.906298917105,789.518864653398,78.3,1,0,0.00498850718139708,0.0285452837166697,34.2350413270361,-119.463759392178,34.6564056111237,-118.764178499072,79438.4328807325
154,532.601741532694,763.356128034462,76.9,1,0,0.00431920101841209,0.0345504836830663,34.2447844449855,-119.455440092179,34.6464340573195,-118.760313631038,77830.7451618638
155,744.880926480978,768.130949046224,78,1,0,0.00420817476343655,0.024880423749979,34.2419183208333,-119.449095925787,34.6771280199278,-118.762855841197,79374.6484339288
156,555.880721712966,772.324788103604,77.1,1,0,0.00449467771351418,0.00494260295033313,34.2480274541033,-119.458376243616,34.6580669499144,-118.766606697969,78115.0442143744
157,548.078636385351,792.692023827569,76.9,1,0,0.00467581712302925,0.0337021576550397,34.2542128664507,-119.457849799933,34.6645068466768,-118.768985702744,77911.5834561676
158,603.645753900698,784.291494481245,78.8,1,0,0.00482623444853486,0.023411336024773,34.2256243540928,-119.459485683682,34.6562175461774,-118.761397085229,79941.3045653274
159,717.088151899446,789.101277550759,78.6,1,0,0.00467367018563185,0.0317242960343748,34.2420047305954,-119.460751005176,34.6643774850473,-118.755651737843,79908.7966044083
160,517.04775678665,757.74283451342,76.2,1,0,0.00493540037636549,0.0165346886148517,34.2318675691199,-119.442119122872,34.6569459454676,-118.780442114782,76912.9482778052
161,533.056191144919,777.852110870995,77.7,1,0,0.0051982979052091,0.0188766972686067,34.230796557398,-119.468915064933,34.6469763743472,-118.778266293217,78441.1910857104
162,634.27691540517,770.244205666778,77.4,1,0,0.00472910367366658,0.0256301322138508,34.2423047109172,-119.447928500941,34.6619500496774,-118.758716658268,78555.0316967783
163,600.987326097566,784.349360897643,78.9,1,0,0.00426665685041396,0.0109938406169936,34.2219704519186,-119.455384586339,34.6533928302771,-118.756473709085,80058.9047324577
164,554.050132878282,773.902557536586,77.7,1,0,0.00414615983451942,0.00854709980327909,34.2371204390733,-119.459043111976,34.6690891023715,-118.778720453689,78728.7151773792
165,592.979910044678,786.550070352006,79.3,1,0,0.00457156451008893,0.00854389792365887,34.2167241123028,-119.463590896306,34.6600550286575,-118.770638731367,80426.4030134396
166,543.108066733314,789.655375981876,78.4,1,0,0.00455396936462523,0.00581237627129004,34.2392549817992,-119.473792638738,34.6709755492218,-118.786033509707,79252.1250814716
167,532.97984951768,784.630305907406,77.3,1,0,0.00430731337420638,0.0128118860224904,34.2373175139078,-119.453958872549,34.6481655099324,-118.761291187597,78240.7491250145
168,594.988200008816,769.510597933707,78,1,0,0.00467634710940505,0.0440953909824707,34.2351445218662,-119.453122687866,34.6671033085611,-118.768203024804,79063.6090670109
169,543.434793706077,790.555867767811,78.6,1,0,0.00454090649409306,0.0145309205595452,34.2335426002053,-119.47484299019,34.6516264749846,-118.771699719323,79490.5456932826
170,635.771788594961,793.108781292706,79.1,1,0,0.00445917730826777,0.0174368264776311,34.2163087783243,-119.452199529914,34.6544550450144,-118.755628765452,80339.7809212367
171,522.733147022477,769.375209217952,75.6,1,0,0.0044611262216425,0.0419265570796338,34.2447788419526,-119.441383556568,34.6673676555446,-118.782874342993,76507.0264434718
172,557.818110453649,785.449304941739,79.9,1,0,0.00506726819064813,0.0160442878403753,34.2313789185481,-119.485269880119,34.649139995302,-118.764297546222,80803.2507740724
173,516.609748928251,784.317630020733,76.2,1,0,0.00456000678008165,0.0220681479990452,34.2419295824509,-119.449703008725,34.6551023601121,-118.775545391601,77019.6301243223
174,514.239393997654,748.826845192762,76,1,0,0.00452780547649016,0.0398023346273573,34.2414253841142,-119.449073575892,34.6584197763105,-118.783458270352,76647.8835131953
175,648.449390540278,794.196404552521,79.2,1,0,0.00464321370906412,0.0270488451175613,34.2226527275318,-119.452960729646,34.6754352748544,-118.768792049068,80438.7805407466
176,682.489687339996,788.330879711609,78.5,1,0,0.00451208829616124,0.0175152071296651,34.2425234981548,-119.467070599066,34.6689877593917,-118.767242347725,79786.258503648
177,505.541813482633,788.137957413588,75.1,1,0,0.00432459387373661,0.0082509972039254,34.2461290535235,-119.446589180902,34.6453499824756,-118.777286034773,75744.9677337469
178,546.508328962915,774.856382537103,78.7,1,0,0.00470039669413886,0.00957703268163351,34.2247676758278,-119.467687667834,34.6653059358889,-118.784502677216,79525.0020707906
179,522.90314987198,794.037906113817,76.7,1,0,0.00491850317247965,0.00703430768278669,34.2334020646596,-119.452439376718,34.6534008859212,-118.777265545964,77552.1729474812
180,650.628148230391,788.153542588117,77.5,1,0,0.00515132281221184,0.0122105640620138,34.2306840753717,-119.440157189632,34.6612372239266,-118.758211896712,78755.1093242041
181,565.8148298672,779.878954576204,78.7,1,0,0.00426219703894836,0.00953553063900529,34.2298755286726,-119.464658808662,34.6544931408221,-118.764152024044,79722.9162768849
182,556.883744808268,786.506958046189,77.7,1,0,0.00436373732748873,0.0165522611768764,34.2443033103022,-119.462382105058,34.6670668149067,-118.773439284675,78739.5300994421
183,539.160159789629,771.637035896175,77.7,1,0,0.00468556789357401,0.0332094091702802,34.2250079975944,-119.449966993392,34.6603988603577,-118.774620448784,78607.5877699309
184,563.083298888212,794.635222567272,79.4,1,0,0.00449668703057267,0.0213985247749385,34.2261835048452,-119.46327279589,34.6715649222195,-118.77205877954,80434.4188258381
185,577.190970533892,778.304844333531,79,1,0,0.00428268450576001,0.00753409821236294,34.2290143809092,-119.460209513246,34.653334225353,-118.754439540547,80093.4412523266
186,716.919106169,777.686000459566,79.2,1,0,0.00478048228489595,0.01640632271583,34.2306815961697,-119.462808327968,34.6622067564511,-118.757640580683,80520.376036446
187,559.997701108935,784.486971545792,79.7,1,0,0.00438145675499872,0.02858280439222,34.2135237291524,-119.46500277132,34.664318473055,-118.776295384506,80632.1634588791
188,604.483787871968,761.627661881716,76.7,1,0,0.00503637565213639,0.0350874803777677,34.2592263100291,-119.457022403643,34.6588367376901,-118.760636809178,77787.177137956
189,549.834745873193,765.923174106923,78.2,1,0,0.00496714315507285,0.0146154378941714,34.2375792752447,-119.465162058932,34.652602952959,-118.763600078983,79172.5841155942
190,533.376922288031,790.255350922984,76.8,1,0,0.00496026083931259,0.0293590057999159,34.2323465079368,-119.45093769179,34.6534059789689,-118.774420843861,77721.8279742125
191,581.13364849621,777.85971631458,76,1,0,0.00460906235156777,0.0239340587440667,34.2535360983229,-119.448426845894,34.6683048604825,-118.774619869001,77092.4974924658
192,534.350456097139,788.208374182557,77.5,1,0,0.00427941054659431,0.0215691115609735,34.2259622056344,-119.461248119064,34.6634670136763,-118.791433836418,78353.0979749679
193,614.263939441632,782.096447631434,80.4,1,0,0.00448452196467941,0.0118585954084259,34.2053212219413,-119.458856810515,34.6517911596406,-118.752833103304,81594.8320714143
194,569.884255479809,789.902512370843,76.6,1,0,0.00492291259301887,0.014573993683702,34.246606349461,-119.451435565761,34.653032368352,-118.762562304409,77667.0711000908
195,511.130741174802,771.317637229339,76,1,0,0.0045755712654896,0.0176618948913743,34.2486893300666,-119.456042027582,34.6477329903962,-118.773438967973,76723.5566652907
196,541.044254571171,766.27745350908,77.3,1,0,0.00484920483528863,0.0108183841265444,34.2345907318416,-119.451082211427,34.6563880234433,-118.767909540466,78257.4347120198
197,699.654716696612,781.686047155948,79.3,1,0,0.00468170588185809,0.0215460338157939,34.2315236688344,-119.466862421546,34.6613993591525,-118.758724609751,80630.3682470773
198,544.009445686876,781.742091424258,78,1,0,0.00451385478293175,0.00934945730686827,34.2325662705842,-119.460300481672,34.6588661020618,-118.771673508042,78957.7840034136
199,511.975913545857,771.271396425348,75.4,1,0,0.00478664197721232,0.0161327624691898,34.2264786654793,-119.442112935288,34.635329625385,-118.779829733444,75869.7910411246
200,547.461630181802,756.771184179531,76.3,1,0,0.00442505842401364,0.0404325334650414,34.2435070619815,-119.445324871128,34.6527842612017,-118.764672837967,77242.6223233134
201,568.762209127946,780.575659869297,79.6,1,0,0.00461934903152857,0.0138213727205771,34.2200605287017,-119.462984380195,34.6578424973859,-118.761900386617,80642.6356833722
202,632.458225535765,778.723296932233,79.4,1,0,0.00445897158560365,0.0152532418561206,34.2197770321677,-119.458658177028,34.6697757115574,-118.769505098828,80605.7334840786
203,536.130037463479,755.992076536673,77.7,1,0,0.00470129394531882,0.0388486263405185,34.2315501524185,-119.455539205146,34.659391800844,-118.774162643746,78530.9851170811
204,522.328386382944,787.034740504734,77,1,0,0.00485070473706374,0.0224299642862621,34.2477131818951,-119.472001288447,34.6462055454911,-118.775889546147,77703.1818759201
205,626.797272985909,774.681998049449,79.8,1,0,0.00442866471185075,0.015733264084198,34.2284652610719,-119.465671288085,34.6567170265723,-118.751282757747,80988.8194489768
206,651.895689089553,766.849943950631,78.9,1,0,0.00468956459084457,0.0428407791968804,34.2300859969266,-119.452430150935,34.6720253869352,-118.76231935052,80118.1118444342
207,567.541519535363,781.551872208677,79.5,1,0,0.00460238002259159,0.0304330687030885,34.2116432370555,-119.454635662017,34.6487227711262,-118.754303513994,80545.8956398134
208,538.471284881407,794.994637991602,77.2,1,0,0.00421483144022259,0.0397583031261932,34.2284560494107,-119.449580769304,34.6480677976462,-118.765974069299,78148.3036769998
209,527.050019119832,792.759024467909,77.6,1,0,0.0046442412080014,0.0288905256347654,34.2419237045599,-119.475642332557,34.6362236989191,-118.767189862956,78378.7528542998
210,641.51679498289,778.447973858141,79.6,1,0,0.00456967067183564,0.0270693611645502,34.2208560117575,-119.452473705069,34.6664972618995,-118.755651568206,80861.0827254127
211,537.109096116439,780.248843687122,77.8,1,0,0.0043482381536109,0.022683160646439,34.2329966990109,-119.457772894343,34.6497257082078,-118.763846130485,78718.5185028534
212,589.916906482713,772.066538192229,76.9,1,0,0.0047919735478859,0.00470448056645936,34.2529645309551,-119.450381530615,34.6743601996277,-118.769747818616,78033.5081749242
213,768.014295507055,773.093848281631,80.6,1,0,0.00472952622025363,0.0191098406508746,34.2193317717961,-119.466069085397,34.6624521409819,-118.751077891575,82017.0547639868
214,605.71449745864,764.328581589739,79.2,1,0,0.00487529633300542,0.0166583146761851,34.2256414041062,-119.464624030896,34.6696178457769,-118.77339973673,80339.8138498665
215,531.02800403991,775.545622129454,77,1,0,0.00452964204287393,0.0111203458086836,34.2420438354047,-119.456744960816,34.6518334897839,-118.767647093315,77903.7639927063
216,520.683783470047,793.932213146153,76.5,1,0,0.00457270892338286,0.0209872015242808,34.2318277602935,-119.454193644952,34.6468904960617,-118.779265397076,77207.242058519
217,538.959792385345,791.414385923052,77.8,1,0,0.00494517027066888,0.0274266352043483,34.2322091879053,-119.457296918219,34.6653686581519,-118.777898756033,78745.0390069493
218,724.59493591341,771.93404056562,78.8,1,0,0.00463330399780507,0.0416699116278104,34.2527485379114,-119.468900962409,34.6730812906674,-118.759139221659,80116.36813966
219,516.740418208887,772.335316237876,75.7,1,0,0.00494089531643805,0.0269225396493891,34.2392637867643,-119.448719976909,34.6538834956972,-118.786530525114,76239.9626988878
220,531.142075659428,776.04763397747,77.5,1,0,0.0042126796657042,0.0148143549659395,34.2348271768063,-119.449498285418,34.6488847880197,-118.757621329595,78391.5137587064
221,575.326872865,765.564680710431,79.8,1,0,0.00454693666871135,0.010307365969072,34.2152916284555,-119.469130322728,34.6591863285043,-118.770861237051,80851.1705923882
222,588.745370946932,777.99162501157,78.2,1,0,0.00441239901328786,0.0139707931012295,34.2455094283762,-119.46948931414,34.6741337837804,-118.77771863769,79334.9382171166
223,714.811122859736,769.185916225294,79.8,1,0,0.00470325279599043,0.00988659374308121,34.2294089347022,-119.466466807342,34.6628815220532,-118.754505331645,81150.1095481343
224,578.704292714954,794.187724409648,78.4,1,0,0.0041938210238231,0.0260585310009538,34.226984261091,-119.454963904407,34.6664499006114,-118.770951905594,79510.4050704342
225,542.229715025195,782.851384043381,77.7,1,0,0.00474667452809182,0.0182584015362534,34.2287874892336,-119.450110622225,34.6526339274349,-118.763387054487,78657.5273814195
226,539.128511111979,790.811152147996,76.6,1,0,0.00485982267329872,0.0182353957750707,34.223900677782,-119.437771648347,34.6592514505825,-118.776861895527,77566.7441035947
227,743.27687126552,788.195775672727,78.6,1,0,0.00470077542955507,0.00871593122509438,34.2384230043058,-119.458416528109,34.6634974420673,-118.754550513161,79995.8642658522
228,540.399416730316,794.962862369868,78,0,0,0.00439890364211271,0.0214339903528627,34.2408908405542,-119.451950909372,34.6852654132908,-118.782456242755,78796.298434321
229,558.151302576063,771.920629659814,78.7,1,0,0.00482258419078415,0.0233280930851971,34.226563668801,-119.46695660996,34.6555702147025,-118.771141187457,79668.6197743698
230,567.262005270152,787.466582632768,75.2,1,0,0.0041403189103289,0.00636271471526674,34.2570334366183,-119.438734512847,34.6668729723149,-118.771861687042,76254.6023122126
231,511.437399243955,767.376765262891,75.8,1,0,0.00462466477954433,0.0105531973560399,34.2577798579187,-119.456214223376,34.6588201427856,-118.776674225958,76617.4700256036
232,556.468050721664,783.509072852051,79.1,1,0,0.00443895107886121,0.0205260873120798,34.2136066623063,-119.457593114194,34.6564774727333,-118.768829154106,80093.8032696283
233,541.087590888768,788.313462490889,77.8,1,0,0.00458759177999176,0.0127628397057338,34.2339246335074,-119.478287962478,34.6439316996602,-118.783061811554,78379.2740043991
234,631.492572727021,791.348015461054,78.7,1,0,0.00461890949617846,0.0173616153361786,34.2540912295687,-119.47053926891,34.6714597453533,-118.760831953085,79920.5576135257
235,551.720553655144,776.175525506009,77.6,1,0,0.0049339247486536,0.0178409585651142,34.2351785658957,-119.45018471675,34.6539930323442,-118.759503309934,78613.3078446432
236,525.345381129488,740.06213934175,76.1,1,0,0.00479786301847156,0.0589924732595702,34.2366837256291,-119.453461488021,34.6481354265525,-118.784534258061,76524.2568543289
237,652.956244649307,792.409715103081,77.6,1,0,0.00458317244868857,0.0141731344929815,34.2532902623233,-119.45908216897,34.6661692653463,-118.759998267992,78839.8309866381
238,523.688077784568,773.169193488869,76.8,1,0,0.00467742052545237,0.0175743051357433,34.24814429933,-119.46824353948,34.6588259977932,-118.785092465619,77516.5516147766
239,524.542043455925,790.535602498629,76.6,1,0,0.00480950291027432,0.0183711869668231,34.22066171128,-119.441069771572,34.6511325340756,-118.777945916585,77391.952251209
240,521.164397173784,781.369907293397,76.4,1,0,0.00481272031711406,0.0199207224177383,34.2328911883782,-119.448431111969,34.6602501064388,-118.78509811014,77187.4105689613
241,594.595469392268,770.254395427079,78.9,1,0,0.00408422776695386,0.0062723280575273,34.2273031105062,-119.46109297244,34.6594465380246,-118.76344227497,80011.050593389
242,510.864397314713,780.003463875722,75.5,1,0,0.00434405817227764,0.0210719453887229,34.2408494414561,-119.449188171993,34.6469045169977,-118.7818574548,76048.2950957039
243,532.743967714072,772.005259651704,77.5,1,0,0.00418503863948721,0.0141573047971199,34.214093245957,-119.448277794981,34.6411320128011,-118.771568590804,78147.1496708076
244,845.761636101549,767.92465586047,80,1,0,0.0044559172578117,0.0450572737952452,34.227718057383,-119.459125234603,34.6689468721731,-118.749519205597,81491.3882941027
245,585.241248412571,781.830689089251,79.2,1,0,0.00454647872193383,0.0196404016455488,34.2109704041281,-119.455070925797,34.6651078910716,-118.774348558892,80293.6397908001
246,609.961685192622,776.203566389396,78.6,1,0,0.00461486764301509,0.012770033716404,34.2247694594851,-119.44959941972,34.6660694712684,-118.763805468383,79765.4515272805
247,505.097687562752,762.785690160003,75,1,0,0.00473037422378035,0.00724453115320351,34.24580192475,-119.437062120256,34.660666029941,-118.780935090788,75810.690153938
248,591.59222606399,782.04954805754,77.9,1,0,0.00473389717776357,0.0098502765537239,34.2334764926316,-119.455051906749,34.6665192118885,-118.771787441032,79017.1713000119
249,631.380150545467,780.397362643187,78,1,0,0.00440463871495825,0.00817708912173294,34.2402468279844,-119.455279840634,34.6767059800605,-118.772253612414,79226.9457165899
250,701.202611129627,786.868421661485,79,1,0,0.00482927789337558,0.0245396874343981,34.2175380271507,-119.447487232949,34.6723120895887,-118.767084412738,80311.4110386403
251,618.925392261283,766.688158898694,77.7,1,0,0.00450831330020413,0.0561951147097227,34.2348121977887,-119.449590937016,34.6708070559703,-118.771675428034,78828.6685126582
252,553.820593448629,769.789008488373,78.1,1,0,0.00446448699525509,0.0193936707499504,34.2150378837571,-119.442710672272,34.6661881362432,-118.776006960923,79085.685001607
253,529.617132906769,765.592135349989,77.2,1,0,0.00507072810989956,0.0196750373915229,34.2313971014074,-119.452070664212,34.6560093879186,-118.775085089387,77994.1610599549
254,537.667347477527,786.609875978761,78,1,0,0.00502859465147164,0.0269504996738449,34.2412291952166,-119.455189973725,34.6773586716803,-118.778867914967,78718.9421293293
255,580.589651318305,764.428197498169,77,1,0,0.00467853913144148,0.0277704981506871,34.2393726434027,-119.444461564863,34.6628141846234,-118.765346468822,78066.7062648977
256,532.420567928698,777.564563151467,76.3,1,0,0.00493762152987677,0.0598427928885295,34.2374147296483,-119.445142419935,34.6660370428002,-118.78281871301,77198.1997321875
257,614.490042240325,780.539586434254,79.7,1,0,0.00464224128500772,0.0295384969451067,34.2398249975534,-119.469839318778,34.6670944361561,-118.755868093915,80886.7750940259
258,631.623889733217,775.402101879949,79,1,0,0.00474267166331628,0.0146094532335106,34.2245688696144,-119.456681481566,34.6713760274048,-118.769622673316,80233.1446063147
259,642.444696969844,761.66404777642,77.9,1,0,0.0042363066751081,0.0345603872242061,34.243668878226,-119.457724624217,34.6578465027352,-118.756573080721,79083.6407480667
260,630.600223755835,762.930951118625,77.4,1,0,0.00465364023479694,0.0214292795448367,34.2429039298665,-119.451329782142,34.6682943899284,-118.767078881577,78570.4004794556
261,545.483835551411,764.671392901794,78.1,1,0,0.00437430635812564,0.0116022617034954,34.2199096863858,-119.452908783326,34.655974576578,-118.772534356704,79020.1133141076
262,791.646814258028,761.52224501677,78.6,1,0,0.00481399791377639,0.0372652938833362,34.227741409129,-119.438347117018,34.6683653713558,-118.748660037114,79999.5624156515
263,565.626451372273,769.597618250921,78.1,1,0,0.00464802750192966,0.0173534202741763,34.2351791989201,-119.461307978436,34.6499597829556,-118.760146684803,79128.5506398413
264,507.544128042498,792.744032450466,75.4,1,0,0.00429987216297717,0.0275191604558226,34.2509224326292,-119.452191445507,34.6549878939098,-118.781902764755,76130.5705229717
265,530.663370174321,761.831922541861,77.5,1,0,0.00411658798655069,0.0197204412227492,34.2394932329752,-119.470868862503,34.6497451021556,-118.778937390976,78146.0815800107
266,827.612178143347,777.057112121364,78.6,1,0,0.00418100075904038,0.0237230312365777,34.2420993692978,-119.457511739642,34.6790976700066,-118.762723800948,80117.0746783093
267,544.330494708947,790.125192652932,78.5,1,0,0.00449272134269247,0.0241747070250898,34.223425171987,-119.471977945313,34.6527627195779,-118.781861902053,79274.5972793637
268,595.254771397703,782.255339174809,78.8,1,0,0.00450744172245082,0.0261795767627993,34.2243731008226,-119.459011382904,34.6618710729946,-118.76759701731,79915.7233296226
269,603.224658143729,764.127310378492,78.8,1,0,0.00464718761188827,0.0369445609435632,34.2300841904928,-119.464572502021,34.6625923033702,-118.769009620839,79880.6531456624
270,772.450928626542,768.424163951932,80.4,1,0,0.00454104765890843,0.015113013032736,34.2350553328122,-119.477064311667,34.6662138915784,-118.753650290645,81843.4568383864
271,539.009958160503,771.52566322237,78.2,1,0,0.00474757728996271,0.0173662331244033,34.2369754516432,-119.468053340446,34.6548406123285,-118.770605844041,79051.1105047935
272,528.356286139619,773.111296602042,76.9,1,0,0.00456586935670556,0.00910476174907868,34.2383643833625,-119.454641098129,34.668054127896,-118.784812408388,77812.6552590207
273,522.16785746628,776.342390238739,76.9,1,0,0.00465144184462841,0.0145097026599605,34.248211340119,-119.465898247707,34.6526960069164,-118.77561639657,77646.5190784548
274,524.860348823367,791.571472842428,76.7,1,0,0.00451165418349673,0.0124553453187597,34.2258750266738,-119.444128585679,34.6547418279405,-118.778120702121,77487.527812521
275,551.652529548878,765.933875993713,78.1,1,0,0.00451008322151696,0.0242026425323703,34.2250688225868,-119.451553461758,34.6564495878189,-118.766343379879,79051.9406814936
276,541.642198625973,764.476907903255,78.2,1,0,0.00483033270232015,0.0285355438253028,34.2206904457393,-119.455680401444,34.6496165929548,-118.767829060068,79083.0663822794
277,708.460436121582,791.885492796246,78.2,1,0,0.00442433704970368,0.00879259446773063,34.2353346669516,-119.45130031692,34.6675469737089,-118.760288202234,79524.8986019074
278,549.59215526071,792.106040640386,77.5,1,0,0.00519614925229865,0.0507499711313902,34.2301335995942,-119.453634667233,34.6618045831071,-118.777384998261,78417.0777939334
279,527.244108775728,774.296818304746,77.2,1,0,0.00443547308311543,0.0230865504147691,34.2391655668431,-119.462035830327,34.6499139205462,-118.772839743042,77974.9337234601
280,520.955187490289,766.698625317764,76.5,1,0,0.00419675510190935,0.032693549065191,34.245658916265,-119.456368253501,34.6630471698986,-118.782225944194,77295.5692621705
281,535.928305521027,790.076625572506,77.8,0,0,0.00454639796374379,0.0242427421274637,34.2417803217326,-119.450653206433,34.6832585943265,-118.782292426229,78513.9119623509
282,530.049462547545,757.677306031887,76.8,1,0,0.00446115858951543,0.00869296352914114,34.2347537864728,-119.465340810496,34.6504422549012,-118.790240475169,77259.575633712
283,539.750856800124,788.497606681988,78.2,1,0,0.00490900484060555,0.0176461335021005,34.2294226071469,-119.46673950438,34.6509217975325,-118.772130873079,79082.9959514471
284,534.551983927766,778.46926406734,77.8,1,0,0.00464115435599822,0.0242252931697232,34.2276943113463,-119.460896254984,34.645418571441,-118.768752469881,78654.6537934802
285,503.910363763098,787.073667419696,75.1,1,0,0.00496002284181744,0.0121907876111893,34.2432621599208,-119.43919520539,34.6491483143894,-118.774875820891,75813.7250920987
286,505.528923627747,789.002607143026,75.1,1,0,0.00447851164974532,0.00500381635827499,34.2432994670133,-119.441893268848,34.6499004342632,-118.777647876878,75855.3890317512
287,861.231423840989,782.607508585844,79.5,1,0,0.00454844304116675,0.0345569619197989,34.2208655896298,-119.452683870465,34.6713013096607,-118.757980389168,81034.615761544
288,587.791532670218,770.848752999371,76.4,1,0,0.00498596807595195,0.0119444262333163,34.2463293147162,-119.443412227383,34.6552750925865,-118.758778181352,77514.7059284263
289,555.129649947484,768.500506234864,78.2,1,0,0.00477460311398149,0.0169261457603696,34.2218841689627,-119.451022166971,34.6547554058462,-118.76508605557,79206.9351413425
290,547.476481432203,789.979710855512,76,1,0,0.00468793439300771,0.0278657710894006,34.2429105405619,-119.443861817911,34.6566661449291,-118.770780002166,76978.4403422335
291,536.0069517952,766.467292247621,78,1,0,0.00480671534120869,0.0106350338369457,34.2307040942631,-119.469193333938,34.6521654601056,-118.778795745046,78769.0153938608
292,590.480739764869,780.707464515078,78.9,1,0,0.00448899148179939,0.0472962255436478,34.225753588165,-119.463130328169,34.6522578260183,-118.760722511192,79989.6222492975
293,512.209748114465,765.704163770643,76,1,0,0.00489621829094402,0.0452529640373856,34.239065994601,-119.44633943383,34.6465304768843,-118.771613623017,76688.1522889497
294,856.593161719103,785.684953017584,81.5,1,0,0.00446004743509397,0.0350910079133254,34.2204917460138,-119.477926614349,34.6776440258306,-118.761364024632,83072.6111652055
295,530.311847564535,792.404174691474,77.4,1,0,0.00512843220223686,0.017668074667382,34.2297564961631,-119.462642866874,34.6501462907188,-118.779422556217,78170.5684328344
296,520.913334580464,760.678046029296,76.4,1,0,0.00438711498647665,0.0159282398247251,34.231919815635,-119.451435084997,34.6555310796718,-118.786325058634,77062.1052710696
297,527.192966365279,762.024056004725,77,1,0,0.00465819016474197,0.0165891818161875,34.2350822707036,-119.458167148579,34.657264097938,-118.782948711723,77700.211186351
298,511.073700557689,763.947118260224,75.9,1,0,0.00457738917929621,0.0105248601582979,34.2446436414253,-119.453931810848,34.6480502415384,-118.77623295566,76641.1946391006
299,618.862919323163,773.271435528048,79,1,0,0.00464334401515873,0.0274158782888443,34.2369756079654,-119.46783960342,34.6647908874875,-118.764171517907,80161.7515297932
300,532.51300803423,769.158978791941,77.2,1,0,0.00468251619921659,0.00849079987646985,34.2332597189142,-119.450274711214,34.6532354908429,-118.767286234495,78124.0219439604
